Cluster,Segment,Age,Membership_Years,Login_Frequency,Session_Duration_Avg,Pages_Per_Session,Cart_Abandonment_Rate,Wishlist_Items,Total_Purchases,Average_Order_Value,Days_Since_Last_Purchase,Discount_Usage_Rate,Returns_Rate,Email_Open_Rate,Customer_Service_Calls,Product_Reviews_Written,Social_Media_Engagement_Score,Mobile_App_Usage,Payment_Method_Diversity,Lifetime_Value,Credit_Balance,Total_Spending,Purchase_Frequency,RFM_Recency,RFM_Frequency,RFM_Monetary
0,Loyal Customers,37.70636874329357,2.9922243341226196,7.733415388499653,22.011967430410905,6.854604557217699,64.99929124178657,2.8743609164930883,9.566275326642682,118.33834049334777,29.022565170737867,41.79190999179448,6.39166813361301,14.417490374297797,6.480559237518147,1.8533106103641988,20.656334027646277,14.840516316354226,2.3342801237139432,1011.8493101054092,1515.4100233541628,1011.8493101054092,6.089999851621141,0.09809955168845404,9.566275326642682,1011.8493101054092
1,VIP Customers,37.70804635399585,2.969998509606701,18.366622936481907,37.28635618235487,11.946036952006121,43.36074133036274,6.70017492073904,19.294162020334536,131.40730530158405,29.683393462337378,42.0231070296272,6.868960508942525,32.06570460260195,4.292062971466055,4.422816223898546,43.8706843773915,27.012878539411826,2.339783535585438,2183.5943959768233,2726.5162348310923,2183.5943959768233,14.287034381393738,0.09685127044778491,19.294162020334536,2183.5943959768233
